pcode,municipio,departamento,mmi,poblacion,notas,medios,ultima_nota,sin_cobertura
#adm2+code,#adm2+name,#adm1+name,#severity+mmi+num,#population+total+num,#meta+count+num,#meta+source+list,#date+latest,#status+coverage
CO66170,Dosquebradas,Risaralda,8.2,235337,3,El Diario (Pereira) (2) · El País (Cali) (1),2026-10-07T18:09:02.000Z,no
CO66001,Pereira,Risaralda,8.2,500806,6,El Diario (Pereira) (6),2026-10-08T14:00:02.000Z,no
CO27660,San José del Palmar,Chocó,7.9,5167,1,Chocó 7 Días (1),2026-10-07T23:52:08.000Z,no
CO17877,Viterbo,Caldas,7.9,13462,0,,,sí
CO76147,Cartago,Valle del Cauca,7.8,142255,0,,,sí
CO76246,El Cairo,Valle del Cauca,7.8,6678,0,,,sí
CO76403,La Victoria,Valle del Cauca,7.8,12251,1,Gobernación del Valle del Cauca (1),2026-10-05T21:01:43.000Z,no
CO76622,Roldanillo,Valle del Cauca,7.8,38029,0,,,sí
CO17665,San José,Caldas,7.8,5067,0,,,sí
CO76895,Zarzal,Valle del Cauca,7.8,43787,0,,,sí
CO76041,Ansermanuevo,Valle del Cauca,7.7,17838,0,,,sí
CO66075,Balboa,Risaralda,7.7,6522,0,,,sí
CO17088,Belalcázar,Caldas,7.7,11038,0,,,sí
CO76400,La Unión,Valle del Cauca,7.7,35701,0,,,sí
CO66400,La Virginia,Risaralda,7.7,29382,0,,,sí
CO66440,Marsella,Risaralda,7.7,17457,0,,,sí
CO76497,Obando,Valle del Cauca,7.7,12480,0,,,sí
CO66682,Santa Rosa de Cabal,Risaralda,7.7,83317,1,El Diario (Pereira) (1),2026-10-06T08:03:57.000Z,no
CO66687,Santuario,Risaralda,7.7,12972,0,,,sí
CO76823,Toro,Valle del Cauca,7.7,14834,0,,,sí
CO76054,Argelia,Valle del Cauca,7.6,5299,0,,,sí
CO63001,Armenia,Quindio,7.6,325056,0,,,sí
CO76100,Bolívar,Valle del Cauca,7.6,16104,0,,,sí
CO76113,Bugalagrande,Valle del Cauca,7.6,25106,1,Gobernación del Valle del Cauca (1),2026-09-28T20:52:21.000Z,no
CO63470,Montenegro,Quindio,7.6,40020,0,,,sí
CO76020,Alcalá,Valle del Cauca,7.5,14774,0,,,sí
CO76109,Buenaventura,Valle del Cauca,7.5,322388,3,Gobernación del Valle del Cauca (3),2026-10-06T20:11:05.000Z,no
CO17174,Chinchiná,Caldas,7.5,54875,0,,,sí
CO63190,Circasia,Quindio,7.5,31051,0,,,sí
CO76243,El Águila,Valle del Cauca,7.5,8743,0,,,sí
CO76250,El Dovio,Valle del Cauca,7.5,8878,3,Gobernación del Valle del Cauca (3),2026-09-30T17:56:41.000Z,no
CO66383,La Celia,Risaralda,7.5,7746,0,,,sí
CO63401,La Tebaida,Quindio,7.5,37106,0,,,sí
CO63594,Quimbaya,Quindio,7.5,33253,0,,,sí
CO17616,Risaralda,Caldas,7.5,10938,0,,,sí
CO76845,Ulloa,Valle del Cauca,7.5,5511,1,Gobernación del Valle del Cauca (1),2026-09-30T20:26:27.000Z,no
CO76863,Versalles,Valle del Cauca,7.5,7145,1,Gobernación del Valle del Cauca (1),2026-09-25T18:53:53.000Z,no
CO66045,Apía,Risaralda,7.4,12754,0,,,sí
CO66088,Belén de Umbría,Risaralda,7.4,25775,0,,,sí
CO17001,Manizales,Caldas,7.4,469600,0,,,sí
CO17524,Palestina,Caldas,7.4,16208,0,,,sí
CO76736,Sevilla,Valle del Cauca,7.4,42483,4,Gobernación del Valle del Cauca (4),2026-09-29T19:08:15.000Z,no
CO27745,Sipí,Chocó,7.4,3340,0,,,sí
CO76036,Andalucía,Valle del Cauca,7.3,23369,1,Gobernación del Valle del Cauca (1),2026-10-06T16:27:23.000Z,no
CO17042,Anserma,Caldas,7.3,38191,0,,,sí
CO76122,Caicedonia,Valle del Cauca,7.3,29512,2,Gobernación del Valle del Cauca (2),2026-10-08T15:33:46.000Z,no
CO63130,Calarcá,Quindio,7.3,80008,0,,,sí
CO76126,Calima,Valle del Cauca,7.3,18832,1,Gobernación del Valle del Cauca (1),2026-09-30T21:42:55.000Z,no
CO27250,El Litoral del San Juan,Chocó,7.3,24012,0,,,sí
CO63272,Filandia,Quindio,7.3,13126,0,,,sí
CO27361,Istmina,Chocó,7.3,31989,0,,,sí
CO27450,Medio San Juan,Chocó,7.3,11347,0,,,sí
CO27491,Nóvita,Chocó,7.3,9477,0,,,sí
CO27001,Quibdó,Chocó,7.3,134417,0,,,sí
CO76828,Trujillo,Valle del Cauca,7.3,19525,3,El País (Cali) (2) · Gobernación del Valle del Cauca (1),2026-10-08T12:41:20.000Z,no
CO17873,Villamaría,Caldas,7.3,70896,0,,,sí
CO27205,Condoto,Chocó,7.2,12733,0,,,sí
CO27600,Río Quito,Chocó,7.2,8823,0,,,sí
CO27050,Atrato,Chocó,7.1,6430,0,,,sí
CO27077,Bajo Baudó,Chocó,7.1,31776,0,,,sí
CO76001,Cali,Valle del Cauca,7.1,2337182,4,El País (Cali) (3) · Gobernación del Valle del Cauca (1),2026-10-08T15:57:09.000Z,no
CO27580,Río Iró,Chocó,7.1,5834,0,,,sí
CO27787,Tadó,Chocó,7.1,18546,0,,,sí
CO27073,Bagadó,Chocó,7,11712,0,,,sí
CO63111,Buenavista,Quindio,7,3354,0,,,sí
CO27160,Cértegui,Chocó,7,5980,0,,,sí
CO27430,Medio Baudó,Chocó,7,16435,0,,,sí
CO17486,Neira,Caldas,7,21987,0,,,sí
CO63548,Pijao,Quindio,7,5482,0,,,sí
CO76616,Riofrío,Valle del Cauca,7,15846,0,,,sí
CO17653,Salamina,Caldas,7,20187,0,,,sí
CO76834,Tuluá,Valle del Cauca,7,226478,0,,,sí
CO27810,Unión Panamericana,Chocó,7,7259,0,,,sí
CO63212,Córdoba,Quindio,6.9,6150,0,,,sí
CO76233,Dagua,Valle del Cauca,6.9,50152,0,,,sí
CO27135,El Cantón del San Pablo,Chocó,6.9,6545,0,,,sí
CO76377,La Cumbre,Valle del Cauca,6.9,16877,0,,,sí
CO27413,Lloró,Chocó,6.9,10343,0,,,sí
CO66572,Pueblo Rico,Risaralda,6.9,17099,0,,,sí
CO63690,Salento,Quindio,6.9,10240,0,,,sí
CO17272,Filadelfia,Caldas,6.8,11790,0,,,sí
CO63302,Génova,Quindio,6.8,7975,0,,,sí
CO76364,Jamundí,Valle del Cauca,6.8,172821,1,Gobernación del Valle del Cauca (1),2026-10-02T14:23:58.000Z,no
CO76606,Restrepo,Valle del Cauca,6.8,15784,0,,,sí
CO76670,San Pedro,Valle del Cauca,6.8,17862,0,,,sí
CO76890,Yotoco,Valle del Cauca,6.8,16647,0,,,sí
CO76892,Yumbo,Valle del Cauca,6.8,113967,1,Gobernación del Valle del Cauca (1),2026-09-29T22:01:01.000Z,no
CO27025,Alto Baudó,Chocó,6.7,29708,0,,,sí
CO76111,Guadalajara de Buga,Valle del Cauca,6.7,133615,0,,,sí
CO17388,La Merced,Caldas,6.7,6083,0,,,sí
CO76520,Palmira,Valle del Cauca,6.7,366437,0,,,sí
CO76869,Vijes,Valle del Cauca,6.7,13330,0,,,sí
CO17050,Aranzazu,Caldas,6.6,11009,0,,,sí
CO76318,Guacarí,Valle del Cauca,6.6,34612,0,,,sí
CO27425,Medio Atrato,Chocó,6.6,11472,0,,,sí
CO66456,Mistrató,Risaralda,6.6,17924,0,,,sí
CO17513,Pácora,Caldas,6.6,15925,0,,,sí
CO73124,Cajamarca,Tolima,6.5,18634,0,,,sí
CO27245,El Carmen de Atrato,Chocó,6.5,8565,0,,,sí
CO76248,El Cerrito,Valle del Cauca,6.5,58814,0,,,sí
CO66318,Guática,Risaralda,6.5,12608,0,,,sí
CO66594,Quinchía,Risaralda,6.5,28368,0,,,sí
CO17614,Riosucio,Caldas,6.5,53788,0,,,sí
CO73622,Roncesvalles,Tolima,6.5,5524,0,,,sí
CO76130,Candelaria,Valle del Cauca,6.4,96521,0,,,sí
CO73168,Chaparral,Tolima,6.4,51317,3,El Nuevo Día (Ibagué) (3),2026-10-08T11:27:44.000Z,no
CO05364,Jardín,Antioquia,6.4,15878,0,,,sí
CO73624,Rovira,Tolima,6.4,21712,0,,,sí
CO19698,Santander de Quilichao,Cauca,6.4,117542,0,,,sí
CO17777,Supía,Caldas,6.4,30515,0,,,sí
CO19845,Villa Rica,Cauca,6.4,22174,0,,,sí
CO17013,Aguadas,Caldas,6.3,23948,0,,,sí
CO05034,Andes,Antioquia,6.3,47231,0,,,sí
CO19110,Buenos Aires,Cauca,6.3,33582,0,,,sí
CO76306,Ginebra,Valle del Cauca,6.3,23727,0,,,sí
CO19300,Guachené,Cauca,6.3,20864,0,,,sí
CO73001,Ibagué,Tolima,6.3,549432,2,El Nuevo Día (Ibagué) (2),2026-10-08T01:29:14.000Z,no
CO19573,Puerto Tejada,Cauca,6.3,43024,0,,,sí
CO05789,Támesis,Antioquia,6.3,17300,0,,,sí
CO19142,Caloto,Cauca,6.2,31529,0,,,sí
CO19418,López de Micay,Cauca,6.2,19794,0,,,sí
CO19513,Padilla,Cauca,6.2,10371,0,,,sí
CO73686,Santa Isabel,Tolima,6.2,5720,0,,,sí
CO05873,Vigía del Fuerte,Antioquia,6.2,10028,0,,,sí
CO73347,Herveo,Tolima,6.1,7250,0,,,sí
CO05368,Jericó,Antioquia,6.1,14697,0,,,sí
CO17446,Marulanda,Caldas,6.1,2609,0,,,sí
CO73461,Murillo,Tolima,6.1,4165,0,,,sí
CO27495,Nuquí,Chocó,6.1,17421,0,,,sí
CO73616,Rioblanco,Tolima,6.1,22725,0,,,sí
CO73675,San Antonio,Tolima,6.1,12669,0,,,sí
CO73043,Anzoátegui,Tolima,6,10043,0,,,sí
CO19212,Corinto,Cauca,6,26401,0,,,sí
CO17442,Marmato,Caldas,6,9415,0,,,sí
CO19455,Miranda,Cauca,6,33352,0,,,sí
CO17541,Pensilvania,Caldas,6,20456,0,,,sí
CO05756,Sonsón,Antioquia,6,39149,0,,,sí
CO19780,Suárez,Cauca,6,33846,0,,,sí
CO05001,Medellín,Antioquia,5.6,2745464,1,El País (Cali) (1),2026-10-07T19:02:20.000Z,no
CO86760,Santiago,Putumayo,4.2,7804,1,El Diario (Pereira) (1),2026-10-07T05:00:30.000Z,no
CO54385,La Esperanza,Norte de Santander,4.1,12776,1,Gobernación del Valle del Cauca (1),2026-09-29T20:38:21.000Z,no
