pcode,municipio,pcode_departamento,departamento,mmi,grado_mercalli,metodo
#adm2+code,#adm2+name,#adm1+code,#adm1+name,#severity+mmi+num,#severity+mmi+code,#meta+method
CO17001,Manizales,CO17,Caldas,8,VIII,malla
CO76147,Cartago,CO76,Valle del Cauca,8,VIII,malla
CO66001,Pereira,CO66,Risaralda,7.9,VIII,malla
CO66170,Dosquebradas,CO66,Risaralda,7.9,VIII,malla
CO27001,Quibdó,CO27,Chocó,7.8,VIII,malla
CO76845,Ulloa,CO76,Valle del Cauca,7.8,VIII,malla
CO17873,Villamaría,CO17,Caldas,7.7,VIII,malla
CO27600,Río Quito,CO27,Chocó,7.7,VIII,malla
CO76020,Alcalá,CO76,Valle del Cauca,7.7,VIII,malla
CO76041,Ansermanuevo,CO76,Valle del Cauca,7.7,VIII,malla
CO76109,Buenaventura,CO76,Valle del Cauca,7.7,VIII,malla
CO17174,Chinchiná,CO17,Caldas,7.6,VIII,malla
CO63001,Armenia,CO63,Quindio,7.6,VIII,malla
CO63594,Quimbaya,CO63,Quindio,7.6,VIII,malla
CO66075,Balboa,CO66,Risaralda,7.6,VIII,malla
CO66400,La Virginia,CO66,Risaralda,7.6,VIII,malla
CO76497,Obando,CO76,Valle del Cauca,7.6,VIII,malla
CO17877,Viterbo,CO17,Caldas,7.5,VIII,malla
CO27050,Atrato,CO27,Chocó,7.5,VIII,malla
CO63130,Calarcá,CO63,Quindio,7.5,VIII,malla
CO63190,Circasia,CO63,Quindio,7.5,VIII,malla
CO66440,Marsella,CO66,Risaralda,7.5,VIII,malla
CO66682,Santa Rosa de Cabal,CO66,Risaralda,7.5,VIII,malla
CO66687,Santuario,CO66,Risaralda,7.5,VIII,malla
CO76823,Toro,CO76,Valle del Cauca,7.5,VIII,malla
CO17088,Belalcázar,CO17,Caldas,7.4,VII,malla
CO17524,Palestina,CO17,Caldas,7.4,VII,malla
CO63272,Filandia,CO63,Quindio,7.4,VII,malla
CO63401,La Tebaida,CO63,Quindio,7.4,VII,malla
CO63470,Montenegro,CO63,Quindio,7.4,VII,malla
CO17042,Anserma,CO17,Caldas,7.3,VII,malla
CO17665,San José,CO17,Caldas,7.3,VII,malla
CO76400,La Unión,CO76,Valle del Cauca,7.3,VII,malla
CO76403,La Victoria,CO76,Valle del Cauca,7.3,VII,malla
CO17486,Neira,CO17,Caldas,7.2,VII,malla
CO17616,Risaralda,CO17,Caldas,7.2,VII,malla
CO63690,Salento,CO63,Quindio,7.2,VII,malla
CO76622,Roldanillo,CO76,Valle del Cauca,7.2,VII,malla
CO76895,Zarzal,CO76,Valle del Cauca,7.2,VII,malla
CO17272,Filadelfia,CO17,Caldas,7.1,VII,malla
CO27160,Cértegui,CO27,Chocó,7.1,VII,malla
CO27413,Lloró,CO27,Chocó,7.1,VII,malla
CO66088,Belén de Umbría,CO66,Risaralda,7.1,VII,malla
CO76100,Bolívar,CO76,Valle del Cauca,7.1,VII,malla
CO76122,Caicedonia,CO76,Valle del Cauca,7.1,VII,malla
CO76736,Sevilla,CO76,Valle del Cauca,7.1,VII,malla
CO27073,Bagadó,CO27,Chocó,7,VII,malla
CO27135,El Cantón del San Pablo,CO27,Chocó,7,VII,malla
CO27205,Condoto,CO27,Chocó,7,VII,malla
CO27361,Istmina,CO27,Chocó,7,VII,malla
CO27450,Medio San Juan,CO27,Chocó,7,VII,malla
CO27491,Nóvita,CO27,Chocó,7,VII,malla
CO27580,Río Iró,CO27,Chocó,7,VII,malla
CO27745,Sipí,CO27,Chocó,7,VII,malla
CO27787,Tadó,CO27,Chocó,7,VII,malla
CO27810,Unión Panamericana,CO27,Chocó,7,VII,malla
CO66383,La Celia,CO66,Risaralda,7,VII,malla
CO76054,Argelia,CO76,Valle del Cauca,7,VII,malla
CO76113,Bugalagrande,CO76,Valle del Cauca,7,VII,malla
CO76243,El Águila,CO76,Valle del Cauca,7,VII,malla
CO17446,Marulanda,CO17,Caldas,6.9,VII,malla
CO27025,Alto Baudó,CO27,Chocó,6.9,VII,malla
CO27077,Bajo Baudó,CO27,Chocó,6.9,VII,malla
CO27250,El Litoral del San Juan,CO27,Chocó,6.9,VII,malla
CO27425,Medio Atrato,CO27,Chocó,6.9,VII,malla
CO27430,Medio Baudó,CO27,Chocó,6.9,VII,malla
CO27660,San José del Palmar,CO27,Chocó,6.9,VII,malla
CO63111,Buenavista,CO63,Quindio,6.9,VII,malla
CO63212,Córdoba,CO63,Quindio,6.9,VII,malla
CO66045,Apía,CO66,Risaralda,6.9,VII,malla
CO66318,Guática,CO66,Risaralda,6.9,VII,malla
CO76036,Andalucía,CO76,Valle del Cauca,6.9,VII,malla
CO76126,Calima,CO76,Valle del Cauca,6.9,VII,malla
CO76250,El Dovio,CO76,Valle del Cauca,6.9,VII,malla
CO76616,Riofrío,CO76,Valle del Cauca,6.9,VII,malla
CO76828,Trujillo,CO76,Valle del Cauca,6.9,VII,malla
CO76834,Tuluá,CO76,Valle del Cauca,6.9,VII,malla
CO76863,Versalles,CO76,Valle del Cauca,6.9,VII,malla
CO17050,Aranzazu,CO17,Caldas,6.8,VII,malla
CO63548,Pijao,CO63,Quindio,6.8,VII,malla
CO66572,Pueblo Rico,CO66,Risaralda,6.8,VII,malla
CO73347,Herveo,CO73,Tolima,6.8,VII,malla
CO76111,Guadalajara de Buga,CO76,Valle del Cauca,6.8,VII,malla
CO76246,El Cairo,CO76,Valle del Cauca,6.8,VII,malla
CO76670,San Pedro,CO76,Valle del Cauca,6.8,VII,malla
CO76890,Yotoco,CO76,Valle del Cauca,6.8,VII,malla
CO17614,Riosucio,CO17,Caldas,6.7,VII,malla
CO27245,El Carmen de Atrato,CO27,Chocó,6.7,VII,malla
CO66594,Quinchía,CO66,Risaralda,6.7,VII,malla
CO73124,Cajamarca,CO73,Tolima,6.7,VII,malla
CO73686,Santa Isabel,CO73,Tolima,6.7,VII,malla
CO76001,Cali,CO76,Valle del Cauca,6.7,VII,malla
CO76130,Candelaria,CO76,Valle del Cauca,6.7,VII,malla
CO76248,El Cerrito,CO76,Valle del Cauca,6.7,VII,malla
CO76318,Guacarí,CO76,Valle del Cauca,6.7,VII,malla
CO76520,Palmira,CO76,Valle del Cauca,6.7,VII,malla
CO76892,Yumbo,CO76,Valle del Cauca,6.7,VII,malla
CO17653,Salamina,CO17,Caldas,6.6,VII,malla
CO66456,Mistrató,CO66,Risaralda,6.6,VII,malla
CO73001,Ibagué,CO73,Tolima,6.6,VII,malla
CO73622,Roncesvalles,CO73,Tolima,6.6,VII,malla
CO76306,Ginebra,CO76,Valle del Cauca,6.6,VII,malla
CO76606,Restrepo,CO76,Valle del Cauca,6.6,VII,malla
CO05034,Andes,CO05,Antioquia,6.5,VII,malla
CO17388,La Merced,CO17,Caldas,6.5,VII,malla
CO17777,Supía,CO17,Caldas,6.5,VII,malla
CO19573,Puerto Tejada,CO19,Cauca,6.5,VII,malla
CO63302,Génova,CO63,Quindio,6.5,VII,malla
CO73461,Murillo,CO73,Tolima,6.5,VII,malla
CO73624,Rovira,CO73,Tolima,6.5,VII,malla
CO76869,Vijes,CO76,Valle del Cauca,6.5,VII,malla
CO05364,Jardín,CO05,Antioquia,6.4,VI,malla
CO05368,Jericó,CO05,Antioquia,6.4,VI,malla
CO05390,La Pintada,CO05,Antioquia,6.4,VI,malla
CO05873,Vigía del Fuerte,CO05,Antioquia,6.4,VI,malla
CO73043,Anzoátegui,CO73,Tolima,6.4,VI,malla
CO73152,Casabianca,CO73,Tolima,6.4,VI,malla
CO73168,Chaparral,CO73,Tolima,6.4,VI,malla
CO76364,Jamundí,CO76,Valle del Cauca,6.4,VI,malla
CO76377,La Cumbre,CO76,Valle del Cauca,6.4,VI,malla
CO76563,Pradera,CO76,Valle del Cauca,6.4,VI,malla
CO05091,Betania,CO05,Antioquia,6.3,VI,malla
CO05282,Fredonia,CO05,Antioquia,6.3,VI,malla
CO05679,Santa Bárbara,CO05,Antioquia,6.3,VI,malla
CO05789,Támesis,CO05,Antioquia,6.3,VI,malla
CO17013,Aguadas,CO17,Caldas,6.3,VI,malla
CO19845,Villa Rica,CO19,Cauca,6.3,VI,malla
CO27495,Nuquí,CO27,Chocó,6.3,VI,malla
CO73030,Ambalema,CO73,Tolima,6.3,VI,malla
CO73055,Armero,CO73,Tolima,6.3,VI,malla
CO73283,Fresno,CO73,Tolima,6.3,VI,malla
CO73408,Lérida,CO73,Tolima,6.3,VI,malla
CO73678,San Luis,CO73,Tolima,6.3,VI,malla
CO73870,Villahermosa,CO73,Tolima,6.3,VI,malla
CO76233,Dagua,CO76,Valle del Cauca,6.3,VI,malla
CO76275,Florida,CO76,Valle del Cauca,6.3,VI,malla
CO05101,Ciudad Bolívar,CO05,Antioquia,6.2,VI,malla
CO05353,Hispania,CO05,Antioquia,6.2,VI,malla
CO05856,Valparaíso,CO05,Antioquia,6.2,VI,malla
CO17442,Marmato,CO17,Caldas,6.2,VI,malla
CO17513,Pácora,CO17,Caldas,6.2,VI,malla
CO17541,Pensilvania,CO17,Caldas,6.2,VI,malla
CO19142,Caloto,CO19,Cauca,6.2,VI,malla
CO19300,Guachené,CO19,Cauca,6.2,VI,malla
CO19455,Miranda,CO19,Cauca,6.2,VI,malla
CO19513,Padilla,CO19,Cauca,6.2,VI,malla
CO19698,Santander de Quilichao,CO19,Cauca,6.2,VI,malla
CO25086,Beltrán,CO25,Cundinamarca,6.2,VI,malla
CO27099,Bojayá,CO27,Chocó,6.2,VI,malla
CO73026,Alvarado,CO73,Tolima,6.2,VI,malla
CO73217,Coyaima,CO73,Tolima,6.2,VI,malla
CO73270,Falan,CO73,Tolima,6.2,VI,malla
CO73275,Flandes,CO73,Tolima,6.2,VI,malla
CO73319,Guamo,CO73,Tolima,6.2,VI,malla
CO73443,San Sebastián de Mariquita,CO73,Tolima,6.2,VI,malla
CO73504,Ortega,CO73,Tolima,6.2,VI,malla
CO73547,Piedras,CO73,Tolima,6.2,VI,malla
CO73585,Purificación,CO73,Tolima,6.2,VI,malla
CO73671,Saldaña,CO73,Tolima,6.2,VI,malla
CO73854,Valle de San Juan,CO73,Tolima,6.2,VI,malla
CO73861,Venadillo,CO73,Tolima,6.2,VI,malla
CO05002,Abejorral,CO05,Antioquia,6.1,VI,malla
CO05376,La Ceja,CO05,Antioquia,6.1,VI,malla
CO05400,La Unión,CO05,Antioquia,6.1,VI,malla
CO05847,Urrao,CO05,Antioquia,6.1,VI,malla
CO17380,La Dorada,CO17,Caldas,6.1,VI,malla
CO17433,Manzanares,CO17,Caldas,6.1,VI,malla
CO17867,Victoria,CO17,Caldas,6.1,VI,malla
CO19110,Buenos Aires,CO19,Cauca,6.1,VI,malla
CO19212,Corinto,CO19,Cauca,6.1,VI,malla
CO25307,Girardot,CO25,Cundinamarca,6.1,VI,malla
CO25320,Guaduas,CO25,Cundinamarca,6.1,VI,malla
CO25612,Ricaurte,CO25,Cundinamarca,6.1,VI,malla
CO25662,San Juan de Rioseco,CO25,Cundinamarca,6.1,VI,malla
CO27075,Bahía Solano,CO27,Chocó,6.1,VI,malla
CO73200,Coello,CO73,Tolima,6.1,VI,malla
CO73268,Espinal,CO73,Tolima,6.1,VI,malla
CO73411,Líbano,CO73,Tolima,6.1,VI,malla
CO73483,Natagaima,CO73,Tolima,6.1,VI,malla
CO73520,Palocabildo,CO73,Tolima,6.1,VI,malla
CO73563,Prado,CO73,Tolima,6.1,VI,malla
CO73616,Rioblanco,CO73,Tolima,6.1,VI,malla
CO73770,Suárez,CO73,Tolima,6.1,VI,malla
CO05129,Caldas,CO05,Antioquia,6,VI,malla
CO05145,Caramanta,CO05,Antioquia,6,VI,malla
CO05148,El Carmen de Viboral,CO05,Antioquia,6,VI,malla
CO05266,Envigado,CO05,Antioquia,6,VI,malla
CO05321,Guatapé,CO05,Antioquia,6,VI,malla
CO05360,Itagüí,CO05,Antioquia,6,VI,malla
CO05576,Pueblorrico,CO05,Antioquia,6,VI,malla
CO05607,Retiro,CO05,Antioquia,6,VI,malla
CO05615,Rionegro,CO05,Antioquia,6,VI,malla
CO05642,Salgar,CO05,Antioquia,6,VI,malla
CO05756,Sonsón,CO05,Antioquia,6,VI,malla
CO05792,Tarso,CO05,Antioquia,6,VI,malla
CO05861,Venecia,CO05,Antioquia,6,VI,malla
CO15572,Puerto Boyacá,CO15,Boyacá,6,VI,malla
CO17662,Samaná,CO17,Caldas,6,VI,malla
CO25001,Agua de Dios,CO25,Cundinamarca,6,VI,malla
CO25168,Chaguaní,CO25,Cundinamarca,6,VI,malla
CO25572,Puerto Salgar,CO25,Cundinamarca,6,VI,malla
CO25815,Tocaima,CO25,Cundinamarca,6,VI,malla
CO73067,Ataco,CO73,Tolima,6,VI,malla
CO73148,Carmen de Apicalá,CO73,Tolima,6,VI,malla
CO73349,Honda,CO73,Tolima,6,VI,malla
CO73449,Melgar,CO73,Tolima,6,VI,malla
CO73675,San Antonio,CO73,Tolima,6,VI,malla
CO05030,Amagá,CO05,Antioquia,5.9,VI,malla
CO05209,Concordia,CO05,Antioquia,5.9,VI,malla
CO05440,Marinilla,CO05,Antioquia,5.9,VI,malla
CO05475,Murindó,CO05,Antioquia,5.9,VI,malla
CO05483,Nariño,CO05,Antioquia,5.9,VI,malla
CO05541,Peñol,CO05,Antioquia,5.9,VI,malla
CO05631,Sabaneta,CO05,Antioquia,5.9,VI,malla
CO17444,Marquetalia,CO17,Caldas,5.9,VI,malla
CO17495,Norcasia,CO17,Caldas,5.9,VI,malla
CO25324,Guataquí,CO25,Cundinamarca,5.9,VI,malla
CO25483,Nariño,CO25,Cundinamarca,5.9,VI,malla
CO41016,Aipe,CO41,Huila,5.9,VI,malla
CO41872,Villavieja,CO41,Huila,5.9,VI,malla
CO05001,Medellín,CO05,Antioquia,5.8,VI,malla
CO05021,Alejandría,CO05,Antioquia,5.8,VI,malla
CO05059,Armenia,CO05,Antioquia,5.8,VI,malla
CO05284,Frontino,CO05,Antioquia,5.8,VI,malla
CO05380,La Estrella,CO05,Antioquia,5.8,VI,malla
CO05585,Puerto Nare,CO05,Antioquia,5.8,VI,malla
CO05591,Puerto Triunfo,CO05,Antioquia,5.8,VI,malla
CO05652,San Francisco,CO05,Antioquia,5.8,VI,malla
CO05697,El Santuario,CO05,Antioquia,5.8,VI,malla
CO05809,Titiribí,CO05,Antioquia,5.8,VI,malla
CO05042,Santa Fé de Antioquia,CO05,Antioquia,5.7,VI,malla
CO05055,Argelia,CO05,Antioquia,5.7,VI,malla
CO05088,Bello,CO05,Antioquia,5.7,VI,malla
CO05093,Betulia,CO05,Antioquia,5.7,VI,malla
CO05206,Concepción,CO05,Antioquia,5.7,VI,malla
CO05313,Granada,CO05,Antioquia,5.7,VI,malla
CO05318,Guarne,CO05,Antioquia,5.7,VI,malla
CO05467,Montebello,CO05,Antioquia,5.7,VI,malla
CO05664,San Pedro de los Milagros,CO05,Antioquia,5.7,VI,malla
CO05761,Sopetrán,CO05,Antioquia,5.7,VI,malla
CO11001,"Bogotá, D.C.",CO11,"Bogotá, D.C.",5.7,VI,malla
CO19418,López de Micay,CO19,Cauca,5.7,VI,malla
CO25368,Jerusalén,CO25,Cundinamarca,5.7,VI,malla
CO25488,Nilo,CO25,Cundinamarca,5.7,VI,malla
CO25885,Yacopí,CO25,Cundinamarca,5.7,VI,malla
CO27150,Carmen del Darién,CO27,Chocó,5.7,VI,malla
CO41001,Neiva,CO41,Huila,5.7,VI,malla
CO73226,Cunday,CO73,Tolima,5.7,VI,malla
CO73352,Icononzo,CO73,Tolima,5.7,VI,malla
CO73873,Villarrica,CO73,Tolima,5.7,VI,malla
CO05036,Angelópolis,CO05,Antioquia,5.6,VI,malla
CO05044,Anzá,CO05,Antioquia,5.6,VI,malla
CO05086,Belmira,CO05,Antioquia,5.6,VI,malla
CO05197,Cocorná,CO05,Antioquia,5.6,VI,malla
CO05240,Ebéjico,CO05,Antioquia,5.6,VI,malla
CO05264,Entrerríos,CO05,Antioquia,5.6,VI,malla
CO05501,Olaya,CO05,Antioquia,5.6,VI,malla
CO05579,Puerto Berrío,CO05,Antioquia,5.6,VI,malla
CO05660,San Luis,CO05,Antioquia,5.6,VI,malla
CO05674,San Vicente Ferrer,CO05,Antioquia,5.6,VI,malla
CO05686,Santa Rosa de Osos,CO05,Antioquia,5.6,VI,malla
CO25099,Bojacá,CO25,Cundinamarca,5.6,VI,malla
CO25269,Facatativá,CO25,Cundinamarca,5.6,VI,malla
CO25286,Funza,CO25,Cundinamarca,5.6,VI,malla
CO25430,Madrid,CO25,Cundinamarca,5.6,VI,malla
CO25473,Mosquera,CO25,Cundinamarca,5.6,VI,malla
CO25580,Pulí,CO25,Cundinamarca,5.6,VI,malla
CO25599,Apulo,CO25,Cundinamarca,5.6,VI,malla
CO41524,Palermo,CO41,Huila,5.6,VI,malla
CO41799,Tello,CO41,Huila,5.6,VI,malla
CO68101,Bolívar,CO68,Santander,5.6,VI,malla
CO68190,Cimitarra,CO68,Santander,5.6,VI,malla
CO73555,Planadas,CO73,Tolima,5.6,VI,malla
CO05142,Caracolí,CO05,Antioquia,5.5,VI,malla
CO05237,Donmatías,CO05,Antioquia,5.5,VI,malla
CO05310,Gómez Plata,CO05,Antioquia,5.5,VI,malla
CO05347,Heliconia,CO05,Antioquia,5.5,VI,malla
CO05649,San Carlos,CO05,Antioquia,5.5,VI,malla
CO05667,San Rafael,CO05,Antioquia,5.5,VI,malla
CO05887,Yarumal,CO05,Antioquia,5.5,VI,malla
CO19130,Cajibío,CO19,Cauca,5.5,VI,malla
CO19473,Morales,CO19,Cauca,5.5,VI,malla
CO19548,Piendamó - Tunía,CO19,Cauca,5.5,VI,malla
CO25035,Anapoima,CO25,Cundinamarca,5.5,VI,malla
CO25214,Cota,CO25,Cundinamarca,5.5,VI,malla
CO25754,Soacha,CO25,Cundinamarca,5.5,VI,malla
CO25799,Tenjo,CO25,Cundinamarca,5.5,VI,malla
CO41078,Baraya,CO41,Huila,5.5,VI,malla
CO41132,Campoalegre,CO41,Huila,5.5,VI,malla
CO41349,Hobo,CO41,Huila,5.5,VI,malla
CO05125,Caicedo,CO05,Antioquia,5.4,V,malla
CO05150,Carolina,CO05,Antioquia,5.4,V,malla
CO05234,Dabeiba,CO05,Antioquia,5.4,V,malla
CO05480,Mutatá,CO05,Antioquia,5.4,V,malla
CO05656,San Jerónimo,CO05,Antioquia,5.4,V,malla
CO05658,San José de la Montaña,CO05,Antioquia,5.4,V,malla
CO05690,Santo Domingo,CO05,Antioquia,5.4,V,malla
CO05890,Yolombó,CO05,Antioquia,5.4,V,malla
CO05893,Yondó,CO05,Antioquia,5.4,V,malla
CO15676,San Miguel de Sema,CO15,Boyacá,5.4,V,malla
CO19137,Caldono,CO19,Cauca,5.4,V,malla
CO19780,Suárez,CO19,Cauca,5.4,V,malla
CO19809,Timbiquí,CO19,Cauca,5.4,V,malla
CO25148,Caparrapí,CO25,Cundinamarca,5.4,V,malla
CO25258,El Peñón,CO25,Cundinamarca,5.4,V,malla
CO25260,El Rosal,CO25,Cundinamarca,5.4,V,malla
CO25386,La Mesa,CO25,Cundinamarca,5.4,V,malla
CO25596,Quipile,CO25,Cundinamarca,5.4,V,malla
CO25745,Simijaca,CO25,Cundinamarca,5.4,V,malla
CO25851,Útica,CO25,Cundinamarca,5.4,V,malla
CO25878,Viotá,CO25,Cundinamarca,5.4,V,malla
CO27615,Riosucio,CO27,Chocó,5.4,V,malla
CO41615,Rivera,CO41,Huila,5.4,V,malla
CO41801,Teruel,CO41,Huila,5.4,V,malla
CO41885,Yaguará,CO41,Huila,5.4,V,malla
CO73024,Alpujarra,CO73,Tolima,5.4,V,malla
CO73236,Dolores,CO73,Tolima,5.4,V,malla
CO05004,Abriaquí,CO05,Antioquia,5.3,V,malla
CO05038,Angostura,CO05,Antioquia,5.3,V,malla
CO05172,Chigorodó,CO05,Antioquia,5.3,V,malla
CO05308,Girardota,CO05,Antioquia,5.3,V,malla
CO05425,Maceo,CO05,Antioquia,5.3,V,malla
CO05670,San Roque,CO05,Antioquia,5.3,V,malla
CO05837,Turbo,CO05,Antioquia,5.3,V,malla
CO19001,Popayán,CO19,Cauca,5.3,V,malla
CO19256,El Tambo,CO19,Cauca,5.3,V,malla
CO19517,Páez,CO19,Cauca,5.3,V,malla
CO19807,Timbío,CO19,Cauca,5.3,V,malla
CO19821,Toribío,CO19,Cauca,5.3,V,malla
CO25095,Bituima,CO25,Cundinamarca,5.3,V,malla
CO25123,Cachipay,CO25,Cundinamarca,5.3,V,malla
CO25295,Gachancipá,CO25,Cundinamarca,5.3,V,malla
CO25317,Guachetá,CO25,Cundinamarca,5.3,V,malla
CO25328,Guayabal de Síquima,CO25,Cundinamarca,5.3,V,malla
CO25377,La Calera,CO25,Cundinamarca,5.3,V,malla
CO25394,La Palma,CO25,Cundinamarca,5.3,V,malla
CO25398,La Peña,CO25,Cundinamarca,5.3,V,malla
CO25779,Susa,CO25,Cundinamarca,5.3,V,malla
CO25823,Topaipí,CO25,Cundinamarca,5.3,V,malla
CO25875,Villeta,CO25,Cundinamarca,5.3,V,malla
CO05411,Liborina,CO05,Antioquia,5.2,V,malla
CO05604,Remedios,CO05,Antioquia,5.2,V,malla
CO05647,San Andrés de Cuerquía,CO05,Antioquia,5.2,V,malla
CO05885,Yalí,CO05,Antioquia,5.2,V,malla
CO15176,Chiquinquirá,CO15,Boyacá,5.2,V,malla
CO15632,Saboyá,CO15,Boyacá,5.2,V,malla
CO19318,Guapi,CO19,Cauca,5.2,V,malla
CO19743,Silvia,CO19,Cauca,5.2,V,malla
CO19824,Totoró,CO19,Cauca,5.2,V,malla
CO23807,Tierralta,CO23,Córdoba,5.2,V,malla
CO25040,Anolaima,CO25,Cundinamarca,5.2,V,malla
CO25120,Cabrera,CO25,Cundinamarca,5.2,V,malla
CO25175,Chía,CO25,Cundinamarca,5.2,V,malla
CO25288,Fúquene,CO25,Cundinamarca,5.2,V,malla
CO25290,Fusagasugá,CO25,Cundinamarca,5.2,V,malla
CO25322,Guasca,CO25,Cundinamarca,5.2,V,malla
CO25402,La Vega,CO25,Cundinamarca,5.2,V,malla
CO25486,Nemocón,CO25,Cundinamarca,5.2,V,malla
CO25491,Nocaima,CO25,Cundinamarca,5.2,V,malla
CO25506,Venecia,CO25,Cundinamarca,5.2,V,malla
CO25736,Sesquilé,CO25,Cundinamarca,5.2,V,malla
CO25740,Sibaté,CO25,Cundinamarca,5.2,V,malla
CO25772,Suesca,CO25,Cundinamarca,5.2,V,malla
CO25805,Tibacuy,CO25,Cundinamarca,5.2,V,malla
CO25843,Villa de San Diego de Ubaté,CO25,Cundinamarca,5.2,V,malla
CO25867,Vianí,CO25,Cundinamarca,5.2,V,malla
CO27372,Juradó,CO27,Chocó,5.2,V,malla
CO41797,Tesalia,CO41,Huila,5.2,V,malla
CO50370,Uribe,CO50,Meta,5.2,V,malla
CO52250,El Charco,CO52,Nariño,5.2,V,malla
CO52390,La Tola,CO52,Nariño,5.2,V,malla
CO52696,Santa Bárbara,CO52,Nariño,5.2,V,malla
CO68385,Landázuri,CO68,Santander,5.2,V,malla
CO68773,Sucre,CO68,Santander,5.2,V,malla
CO05031,Amalfi,CO05,Antioquia,5.1,V,malla
CO05079,Barbosa,CO05,Antioquia,5.1,V,malla
CO05147,Carepa,CO05,Antioquia,5.1,V,malla
CO05190,Cisneros,CO05,Antioquia,5.1,V,malla
CO05736,Segovia,CO05,Antioquia,5.1,V,malla
CO05842,Uramita,CO05,Antioquia,5.1,V,malla
CO15507,Otanche,CO15,Boyacá,5.1,V,malla
CO15580,Quípama,CO15,Boyacá,5.1,V,malla
CO18753,San Vicente del Caguán,CO18,Caquetá,5.1,V,malla
CO19355,Inzá,CO19,Cauca,5.1,V,malla
CO19364,Jambaló,CO19,Cauca,5.1,V,malla
CO23580,Puerto Libertador,CO23,Córdoba,5.1,V,malla
CO25053,Arbeláez,CO25,Cundinamarca,5.1,V,malla
CO25181,Choachí,CO25,Cundinamarca,5.1,V,malla
CO25200,Cogua,CO25,Cundinamarca,5.1,V,malla
CO25224,Cucunubá,CO25,Cundinamarca,5.1,V,malla
CO25245,El Colegio,CO25,Cundinamarca,5.1,V,malla
CO25489,Nimaima,CO25,Cundinamarca,5.1,V,malla
CO25524,Pandi,CO25,Cundinamarca,5.1,V,malla
CO25592,Quebradanegra,CO25,Cundinamarca,5.1,V,malla
CO25649,San Bernardo,CO25,Cundinamarca,5.1,V,malla
CO25718,Sasaima,CO25,Cundinamarca,5.1,V,malla
CO25797,Tena,CO25,Cundinamarca,5.1,V,malla
CO25817,Tocancipá,CO25,Cundinamarca,5.1,V,malla
CO25862,Vergara,CO25,Cundinamarca,5.1,V,malla
CO41206,Colombia,CO41,Huila,5.1,V,malla
CO41676,Santa María,CO41,Huila,5.1,V,malla
CO50223,Cubarral,CO50,Meta,5.1,V,malla
CO50226,Cumaral,CO50,Meta,5.1,V,malla
CO50330,Mesetas,CO50,Meta,5.1,V,malla
CO52473,Mosquera,CO52,Nariño,5.1,V,malla
CO52490,Olaya Herrera,CO52,Nariño,5.1,V,malla
CO68081,Barrancabermeja,CO68,Santander,5.1,V,malla
CO68250,El Peñón,CO68,Santander,5.1,V,malla
CO68573,Puerto Parra,CO68,Santander,5.1,V,malla
CO05040,Anorí,CO05,Antioquia,5,V,malla
CO05045,Apartadó,CO05,Antioquia,5,V,malla
CO05138,Cañasgordas,CO05,Antioquia,5,V,malla
CO05212,Copacabana,CO05,Antioquia,5,V,malla
CO05306,Giraldo,CO05,Antioquia,5,V,malla
CO05858,Vegachí,CO05,Antioquia,5,V,malla
CO05895,Zaragoza,CO05,Antioquia,5,V,malla
CO19532,Patía,CO19,Cauca,5,V,malla
CO19585,Puracé,CO19,Cauca,5,V,malla
CO25312,Granada,CO25,Cundinamarca,5,V,malla
CO25326,Guatavita,CO25,Cundinamarca,5,V,malla
CO25513,Pacho,CO25,Cundinamarca,5,V,malla
CO25535,Pasca,CO25,Cundinamarca,5,V,malla
CO25743,Silvania,CO25,Cundinamarca,5,V,malla
CO25758,Sopó,CO25,Cundinamarca,5,V,malla
CO25769,Subachoque,CO25,Cundinamarca,5,V,malla
CO25793,Tausa,CO25,Cundinamarca,5,V,malla
CO25898,Zipacón,CO25,Cundinamarca,5,V,malla
CO25899,Zipaquirá,CO25,Cundinamarca,5,V,malla
CO27800,Unguía,CO27,Chocó,5,V,malla
CO41013,Agrado,CO41,Huila,5,V,malla
CO41306,Gigante,CO41,Huila,5,V,malla
CO41357,Íquira,CO41,Huila,5,V,malla
CO41551,Pitalito,CO41,Huila,5,V,malla
CO50001,Villavicencio,CO50,Meta,5,V,malla
CO50006,Acacías,CO50,Meta,5,V,malla
CO50150,Castilla la Nueva,CO50,Meta,5,V,malla
CO50313,Granada,CO50,Meta,5,V,malla
CO50689,San Martín,CO50,Meta,5,V,malla
CO68377,La Belleza,CO68,Santander,5,V,malla
CO68745,Simacota,CO68,Santander,5,V,malla
CO05120,Cáceres,CO05,Antioquia,4.9,V,malla
CO05250,El Bagre,CO05,Antioquia,4.9,V,malla
CO05315,Guadalupe,CO05,Antioquia,4.9,V,malla
CO05628,Sabanalarga,CO05,Antioquia,4.9,V,malla
CO05790,Tarazá,CO05,Antioquia,4.9,V,malla
CO05854,Valdivia,CO05,Antioquia,4.9,V,malla
CO15131,Caldas,CO15,Boyacá,4.9,V,malla
CO15407,Villa de Leyva,CO15,Boyacá,4.9,V,malla
CO15600,Ráquira,CO15,Boyacá,4.9,V,malla
CO19075,Balboa,CO19,Cauca,4.9,V,malla
CO19760,Sotará - Paispamba,CO19,Cauca,4.9,V,malla
CO23466,Montelíbano,CO23,Córdoba,4.9,V,malla
CO23682,San José de Uré,CO23,Córdoba,4.9,V,malla
CO25019,Albán,CO25,Cundinamarca,4.9,V,malla
CO25154,Carmen de Carupa,CO25,Cundinamarca,4.9,V,malla
CO25178,Chipaque,CO25,Cundinamarca,4.9,V,malla
CO25781,Sutatausa,CO25,Cundinamarca,4.9,V,malla
CO25871,Villagómez,CO25,Cundinamarca,4.9,V,malla
CO41298,Garzón,CO41,Huila,4.9,V,malla
CO41396,La Plata,CO41,Huila,4.9,V,malla
CO41518,Paicol,CO41,Huila,4.9,V,malla
CO50251,El Castillo,CO50,Meta,4.9,V,malla
CO50287,Fuente de Oro,CO50,Meta,4.9,V,malla
CO50350,La Macarena,CO50,Meta,4.9,V,malla
CO50680,San Carlos de Guaroa,CO50,Meta,4.9,V,malla
CO50711,Vistahermosa,CO50,Meta,4.9,V,malla
CO05113,Buriticá,CO05,Antioquia,4.8,V,malla
CO05154,Caucasia,CO05,Antioquia,4.8,V,malla
CO05361,Ituango,CO05,Antioquia,4.8,V,malla
CO05490,Necoclí,CO05,Antioquia,4.8,V,centroide
CO05495,Nechí,CO05,Antioquia,4.8,V,malla
CO05543,Peque,CO05,Antioquia,4.8,V,malla
CO13160,Cantagallo,CO13,Bolívar,4.8,V,malla
CO13670,San Pablo,CO13,Bolívar,4.8,V,malla
CO15480,Muzo,CO15,Boyacá,4.8,V,malla
CO15531,Pauna,CO15,Boyacá,4.8,V,malla
CO15646,Samacá,CO15,Boyacá,4.8,V,malla
CO15681,San Pablo de Borbur,CO15,Boyacá,4.8,V,malla
CO18592,Puerto Rico,CO18,Caquetá,4.8,V,malla
CO19450,Mercaderes,CO19,Cauca,4.8,V,malla
CO23079,Buenavista,CO23,Córdoba,4.8,V,centroide
CO23660,Sahagún,CO23,Córdoba,4.8,V,centroide
CO25126,Cajicá,CO25,Cundinamarca,4.8,V,malla
CO25183,Chocontá,CO25,Cundinamarca,4.8,V,malla
CO25339,Gutiérrez,CO25,Cundinamarca,4.8,V,malla
CO25407,Lenguazaque,CO25,Cundinamarca,4.8,V,malla
CO25438,Medina,CO25,Cundinamarca,4.8,V,malla
CO25518,Paime,CO25,Cundinamarca,4.8,V,malla
CO25530,Paratebueno,CO25,Cundinamarca,4.8,V,malla
CO25645,San Antonio del Tequendama,CO25,Cundinamarca,4.8,V,malla
CO25658,San Francisco,CO25,Cundinamarca,4.8,V,malla
CO25777,Supatá,CO25,Cundinamarca,4.8,V,malla
CO25845,Une,CO25,Cundinamarca,4.8,V,malla
CO41359,Isnos,CO41,Huila,4.8,V,malla
CO41660,Saladoblanco,CO41,Huila,4.8,V,malla
CO41668,San Agustín,CO41,Huila,4.8,V,malla
CO50270,El Dorado,CO50,Meta,4.8,V,malla
CO50318,Guamal,CO50,Meta,4.8,V,malla
CO50568,Puerto Gaitán,CO50,Meta,4.8,V,centroide
CO50573,Puerto López,CO50,Meta,4.8,V,malla
CO50577,Puerto Lleras,CO50,Meta,4.8,V,malla
CO50606,Restrepo,CO50,Meta,4.8,V,malla
CO50683,San Juan de Arama,CO50,Meta,4.8,V,malla
CO52621,Roberto Payán,CO52,Nariño,4.8,V,malla
CO68235,El Carmen de Chucuri,CO68,Santander,4.8,V,malla
CO68575,Puerto Wilches,CO68,Santander,4.8,V,malla
CO68689,San Vicente de Chucurí,CO68,Santander,4.8,V,malla
CO05107,Briceño,CO05,Antioquia,4.7,V,malla
CO05819,Toledo,CO05,Antioquia,4.7,V,malla
CO08560,Ponedera,CO08,Atlántico,4.7,V,centroide
CO13052,Arjona,CO13,Bolívar,4.7,V,centroide
CO13433,Mahates,CO13,Bolívar,4.7,V,centroide
CO13657,San Juan Nepomuceno,CO13,Bolívar,4.7,V,centroide
CO13673,Santa Catalina,CO13,Bolívar,4.7,V,centroide
CO13836,Turbaco,CO13,Bolívar,4.7,V,centroide
CO15104,Boyacá,CO15,Boyacá,4.7,V,malla
CO15212,Coper,CO15,Boyacá,4.7,V,malla
CO15401,La Victoria,CO15,Boyacá,4.7,V,malla
CO15776,Sutamarchán,CO15,Boyacá,4.7,V,malla
CO15861,Ventaquemada,CO15,Boyacá,4.7,V,malla
CO19100,Bolívar,CO19,Cauca,4.7,V,malla
CO19622,Rosas,CO19,Cauca,4.7,V,malla
CO23068,Ayapel,CO23,Córdoba,4.7,V,centroide
CO23168,Chimá,CO23,Córdoba,4.7,V,centroide
CO23182,Chinú,CO23,Córdoba,4.7,V,centroide
CO23300,Cotorra,CO23,Córdoba,4.7,V,centroide
CO23350,La Apartada,CO23,Córdoba,4.7,V,centroide
CO23555,Planeta Rica,CO23,Córdoba,4.7,V,centroide
CO23570,Pueblo Nuevo,CO23,Córdoba,4.7,V,centroide
CO23586,Purísima de la Concepción,CO23,Córdoba,4.7,V,centroide
CO23672,San Antero,CO23,Córdoba,4.7,V,centroide
CO25426,Machetá,CO25,Cundinamarca,4.7,V,malla
CO25785,Tabio,CO25,Cundinamarca,4.7,V,malla
CO41020,Algeciras,CO41,Huila,4.7,V,malla
CO41378,La Argentina,CO41,Huila,4.7,V,malla
CO41483,Nátaga,CO41,Huila,4.7,V,malla
CO41548,Pital,CO41,Huila,4.7,V,malla
CO41791,Tarqui,CO41,Huila,4.7,V,malla
CO50124,Cabuyaro,CO50,Meta,4.7,V,centroide
CO50400,Lejanías,CO50,Meta,4.7,V,malla
CO52427,Magüí,CO52,Nariño,4.7,V,malla
CO52520,Francisco Pizarro,CO52,Nariño,4.7,V,malla
CO52835,San Andrés de Tumaco,CO52,Nariño,4.7,V,malla
CO68271,Florián,CO68,Santander,4.7,V,malla
CO68368,Jesús María,CO68,Santander,4.7,V,malla
CO68655,Sabana de Torres,CO68,Santander,4.7,V,malla
CO68861,Vélez,CO68,Santander,4.7,V,malla
CO70221,Coveñas,CO70,Sucre,4.7,V,centroide
CO70230,Chalán,CO70,Sucre,4.7,V,centroide
CO70400,La Unión,CO70,Sucre,4.7,V,centroide
CO70473,Morroa,CO70,Sucre,4.7,V,centroide
CO70820,Santiago de Tolú,CO70,Sucre,4.7,V,centroide
CO99773,Cumaribo,CO99,Vichada,4.7,V,centroide
CO05134,Campamento,CO05,Antioquia,4.6,V,malla
CO08433,Malambo,CO08,Atlántico,4.6,V,centroide
CO08606,Repelón,CO08,Atlántico,4.6,V,centroide
CO08638,Sabanalarga,CO08,Atlántico,4.6,V,centroide
CO13222,Clemencia,CO13,Bolívar,4.6,V,centroide
CO13458,Montecristo,CO13,Bolívar,4.6,V,malla
CO13683,Santa Rosa,CO13,Bolívar,4.6,V,centroide
CO13688,Santa Rosa del Sur,CO13,Bolívar,4.6,V,malla
CO13838,Turbaná,CO13,Bolívar,4.6,V,centroide
CO15051,Arcabuco,CO15,Boyacá,4.6,V,malla
CO15293,Gachantivá,CO15,Boyacá,4.6,V,malla
CO15638,Sáchica,CO15,Boyacá,4.6,V,malla
CO15808,Tinjacá,CO15,Boyacá,4.6,V,malla
CO19392,La Sierra,CO19,Cauca,4.6,V,malla
CO19693,San Sebastián,CO19,Cauca,4.6,V,malla
CO23189,Ciénaga de Oro,CO23,Córdoba,4.6,V,centroide
CO23464,Momil,CO23,Córdoba,4.6,V,centroide
CO23670,San Andrés de Sotavento,CO23,Córdoba,4.6,V,centroide
CO23678,San Carlos,CO23,Córdoba,4.6,V,centroide
CO25279,Fómeque,CO25,Cundinamarca,4.6,V,malla
CO25281,Fosca,CO25,Cundinamarca,4.6,V,malla
CO25297,Gachetá,CO25,Cundinamarca,4.6,V,malla
CO25372,Junín,CO25,Cundinamarca,4.6,V,malla
CO25653,San Cayetano,CO25,Cundinamarca,4.6,V,malla
CO25807,Tibirita,CO25,Cundinamarca,4.6,V,malla
CO25873,Villapinzón,CO25,Cundinamarca,4.6,V,malla
CO41026,Altamira,CO41,Huila,4.6,V,malla
CO47161,Cerro de San Antonio,CO47,Magdalena,4.6,V,centroide
CO50590,Puerto Rico,CO50,Meta,4.6,V,malla
CO52405,Leiva,CO52,Nariño,4.6,V,malla
CO68020,Albania,CO68,Santander,4.6,V,malla
CO68324,Guavatá,CO68,Santander,4.6,V,malla
CO68572,Puente Nacional,CO68,Santander,4.6,V,malla
CO70001,Sincelejo,CO70,Sucre,4.6,V,centroide
CO70110,Buenavista,CO70,Sucre,4.6,V,centroide
CO70124,Caimito,CO70,Sucre,4.6,V,centroide
CO70713,San Onofre,CO70,Sucre,4.6,V,centroide
CO70823,San José de Toluviejo,CO70,Sucre,4.6,V,centroide
CO08001,Barranquilla,CO08,Atlántico,4.5,V,centroide
CO08421,Luruaco,CO08,Atlántico,4.5,V,centroide
CO08436,Manatí,CO08,Atlántico,4.5,V,centroide
CO08549,Piojó,CO08,Atlántico,4.5,V,centroide
CO08558,Polonuevo,CO08,Atlántico,4.5,V,centroide
CO08675,Santa Lucía,CO08,Atlántico,4.5,V,centroide
CO08685,Santo Tomás,CO08,Atlántico,4.5,V,centroide
CO08832,Tubará,CO08,Atlántico,4.5,V,centroide
CO08849,Usiacurí,CO08,Atlántico,4.5,V,centroide
CO13140,Calamar,CO13,Bolívar,4.5,V,centroide
CO13248,El Guamo,CO13,Bolívar,4.5,V,centroide
CO13442,María La Baja,CO13,Bolívar,4.5,V,centroide
CO13620,San Cristóbal,CO13,Bolívar,4.5,V,centroide
CO13744,Simití,CO13,Bolívar,4.5,V,malla
CO13873,Villanueva,CO13,Bolívar,4.5,V,centroide
CO15001,Tunja,CO15,Boyacá,4.5,V,malla
CO15204,Cómbita,CO15,Boyacá,4.5,V,malla
CO15224,Cucaita,CO15,Boyacá,4.5,V,malla
CO15442,Maripí,CO15,Boyacá,4.5,V,malla
CO15469,Moniquirá,CO15,Boyacá,4.5,V,malla
CO15500,Oicatá,CO15,Boyacá,4.5,V,malla
CO15686,Santana,CO15,Boyacá,4.5,V,malla
CO15762,Sora,CO15,Boyacá,4.5,V,malla
CO15814,Toca,CO15,Boyacá,4.5,V,malla
CO15835,Turmequé,CO15,Boyacá,4.5,V,malla
CO15837,Tuta,CO15,Boyacá,4.5,V,malla
CO15842,Úmbita,CO15,Boyacá,4.5,V,malla
CO19050,Argelia,CO19,Cauca,4.5,V,malla
CO19397,La Vega,CO19,Cauca,4.5,V,malla
CO19701,Santa Rosa,CO19,Cauca,4.5,V,malla
CO20710,San Alberto,CO20,Cesar,4.5,V,malla
CO20770,San Martín,CO20,Cesar,4.5,V,malla
CO23815,Tuchín,CO23,Córdoba,4.5,V,centroide
CO25335,Guayabetal,CO25,Cundinamarca,4.5,V,malla
CO41319,Guadalupe,CO41,Huila,4.5,V,malla
CO41503,Oporapa,CO41,Huila,4.5,V,malla
CO47205,Concordia,CO47,Magdalena,4.5,V,centroide
CO47541,Pedraza,CO47,Magdalena,4.5,V,centroide
CO50245,El Calvario,CO50,Meta,4.5,V,malla
CO68092,Betulia,CO68,Santander,4.5,V,malla
CO68179,Chipatá,CO68,Santander,4.5,V,malla
CO68307,Girón,CO68,Santander,4.5,V,malla
CO68500,Oiba,CO68,Santander,4.5,V,malla
CO68615,Rionegro,CO68,Santander,4.5,V,malla
CO68770,Suaita,CO68,Santander,4.5,V,malla
CO70204,Colosó,CO70,Sucre,4.5,V,centroide
CO70233,El Roble,CO70,Sucre,4.5,V,centroide
CO70235,Galeras,CO70,Sucre,4.5,V,centroide
CO70418,Los Palmitos,CO70,Sucre,4.5,V,centroide
CO70670,Sampués,CO70,Sucre,4.5,V,centroide
CO70678,San Benito Abad,CO70,Sucre,4.5,V,centroide
CO70702,San Juan de Betulia,CO70,Sucre,4.5,V,centroide
CO70717,San Pedro,CO70,Sucre,4.5,V,centroide
CO70742,San Luis de Sincé,CO70,Sucre,4.5,V,centroide
CO86573,Puerto Leguízamo,CO86,Putumayo,4.5,V,centroide
CO08078,Baranoa,CO08,Atlántico,4.4,IV,centroide
CO08137,Campo de la Cruz,CO08,Atlántico,4.4,IV,centroide
CO08141,Candelaria,CO08,Atlántico,4.4,IV,centroide
CO08296,Galapa,CO08,Atlántico,4.4,IV,centroide
CO08372,Juan de Acosta,CO08,Atlántico,4.4,IV,centroide
CO08573,Puerto Colombia,CO08,Atlántico,4.4,IV,centroide
CO08770,Suan,CO08,Atlántico,4.4,IV,centroide
CO13062,Arroyohondo,CO13,Bolívar,4.4,IV,centroide
CO13212,Córdoba,CO13,Bolívar,4.4,IV,centroide
CO13654,San Jacinto,CO13,Bolívar,4.4,IV,centroide
CO13760,Soplaviento,CO13,Bolívar,4.4,IV,centroide
CO13894,Zambrano,CO13,Bolívar,4.4,IV,centroide
CO15109,Buenavista,CO15,Boyacá,4.4,IV,malla
CO15367,Jenesano,CO15,Boyacá,4.4,IV,malla
CO15664,San José de Pare,CO15,Boyacá,4.4,IV,malla
CO15667,San Luis de Gaceno,CO15,Boyacá,4.4,IV,malla
CO15696,Santa Sofía,CO15,Boyacá,4.4,IV,malla
CO15764,Soracá,CO15,Boyacá,4.4,IV,malla
CO15804,Tibaná,CO15,Boyacá,4.4,IV,malla
CO15816,Togüí,CO15,Boyacá,4.4,IV,malla
CO15832,Tununguá,CO15,Boyacá,4.4,IV,malla
CO18247,El Doncello,CO18,Caquetá,4.4,IV,malla
CO18410,La Montañita,CO18,Caquetá,4.4,IV,centroide
CO20060,Bosconia,CO20,Cesar,4.4,IV,centroide
CO20787,Tamalameque,CO20,Cesar,4.4,IV,centroide
CO25151,Cáqueza,CO25,Cundinamarca,4.4,IV,malla
CO25293,Gachalá,CO25,Cundinamarca,4.4,IV,malla
CO25594,Quetame,CO25,Cundinamarca,4.4,IV,malla
CO25839,Ubalá,CO25,Cundinamarca,4.4,IV,malla
CO25841,Ubaque,CO25,Cundinamarca,4.4,IV,malla
CO41770,Suaza,CO41,Huila,4.4,IV,malla
CO41807,Timaná,CO41,Huila,4.4,IV,malla
CO54385,La Esperanza,CO54,Norte de Santander,4.4,IV,malla
CO68013,Aguada,CO68,Santander,4.4,IV,malla
CO68077,Barbosa,CO68,Santander,4.4,IV,malla
CO68397,La Paz,CO68,Santander,4.4,IV,malla
CO68406,Lebrija,CO68,Santander,4.4,IV,malla
CO70523,Palmito,CO70,Sucre,4.4,IV,centroide
CO95001,San José del Guaviare,CO95,Guaviare,4.4,IV,malla
CO13001,Cartagena de Indias,CO13,Bolívar,4.3,IV,centroide
CO13244,El Carmen de Bolívar,CO13,Bolívar,4.3,IV,centroide
CO13580,Regidor,CO13,Bolívar,4.3,IV,centroide
CO13647,San Estanislao,CO13,Bolívar,4.3,IV,centroide
CO15106,Briceño,CO15,Boyacá,4.3,IV,malla
CO15185,Chitaraque,CO15,Boyacá,4.3,IV,malla
CO15187,Chivatá,CO15,Boyacá,4.3,IV,malla
CO15232,Chíquiza,CO15,Boyacá,4.3,IV,malla
CO15476,Motavita,CO15,Boyacá,4.3,IV,malla
CO15740,Siachoque,CO15,Boyacá,4.3,IV,malla
CO15763,Sotaquirá,CO15,Boyacá,4.3,IV,malla
CO18001,Florencia,CO18,Caquetá,4.3,IV,malla
CO19022,Almaguer,CO19,Cauca,4.3,IV,malla
CO20175,Chimichagua,CO20,Cesar,4.3,IV,centroide
CO20295,Gamarra,CO20,Cesar,4.3,IV,centroide
CO23686,San Pelayo,CO23,Córdoba,4.3,IV,centroide
CO41006,Acevedo,CO41,Huila,4.3,IV,malla
CO41244,Elías,CO41,Huila,4.3,IV,malla
CO52418,Los Andes,CO52,Nariño,4.3,IV,malla
CO68001,Bucaramanga,CO68,Santander,4.3,IV,malla
CO68245,El Guacamayo,CO68,Santander,4.3,IV,malla
CO68298,Gámbita,CO68,Santander,4.3,IV,malla
CO68320,Guadalupe,CO68,Santander,4.3,IV,malla
CO68327,Güepsa,CO68,Santander,4.3,IV,malla
CO68720,Santa Helena del Opón,CO68,Santander,4.3,IV,malla
CO70215,Corozal,CO70,Sucre,4.3,IV,centroide
CO70508,Ovejas,CO70,Sucre,4.3,IV,centroide
CO70708,San Marcos,CO70,Sucre,4.3,IV,centroide
CO94663,Mapiripana,CO94,Guainía,4.3,IV,centroide
CO95015,Calamar,CO95,Guaviare,4.3,IV,malla
CO05665,San Pedro de Urabá,CO05,Antioquia,4.2,IV,centroide
CO13268,El Peñón,CO13,Bolívar,4.2,IV,centroide
CO15494,Nuevo Colón,CO15,Boyacá,4.2,IV,malla
CO19785,Sucre,CO19,Cauca,4.2,IV,malla
CO20011,Aguachica,CO20,Cesar,4.2,IV,centroide
CO20032,Astrea,CO20,Cesar,4.2,IV,centroide
CO20250,El Paso,CO20,Cesar,4.2,IV,centroide
CO20383,La Gloria,CO20,Cesar,4.2,IV,centroide
CO20550,Pelaya,CO20,Cesar,4.2,IV,centroide
CO20570,Pueblo Bello,CO20,Cesar,4.2,IV,centroide
CO25299,Gama,CO25,Cundinamarca,4.2,IV,malla
CO47001,Santa Marta,CO47,Magdalena,4.2,IV,centroide
CO47053,Aracataca,CO47,Magdalena,4.2,IV,centroide
CO47258,El Piñón,CO47,Magdalena,4.2,IV,centroide
CO47288,Fundación,CO47,Magdalena,4.2,IV,centroide
CO50325,Mapiripán,CO50,Meta,4.2,IV,centroide
CO50686,San Juanito,CO50,Meta,4.2,IV,malla
CO52079,Barbacoas,CO52,Nariño,4.2,IV,malla
CO54174,Chitagá,CO54,Norte de Santander,4.2,IV,centroide
CO68167,Charalá,CO68,Santander,4.2,IV,malla
CO68276,Floridablanca,CO68,Santander,4.2,IV,malla
CO68755,Socorro,CO68,Santander,4.2,IV,malla
CO68872,Villanueva,CO68,Santander,4.2,IV,malla
CO85263,Pore,CO85,Casanare,4.2,IV,centroide
CO85300,Sabanalarga,CO85,Casanare,4.2,IV,centroide
CO08520,Palmar de Varela,CO08,Atlántico,4.1,IV,centroide
CO08634,Sabanagrande,CO08,Atlántico,4.1,IV,centroide
CO08758,Soledad,CO08,Atlántico,4.1,IV,centroide
CO13188,Cicuco,CO13,Bolívar,4.1,IV,centroide
CO15189,Ciénega,CO15,Boyacá,4.1,IV,malla
CO15236,Chivor,CO15,Boyacá,4.1,IV,malla
CO15272,Firavitoba,CO15,Boyacá,4.1,IV,centroide
CO15299,Garagoa,CO15,Boyacá,4.1,IV,malla
CO15322,Guateque,CO15,Boyacá,4.1,IV,malla
CO15325,Guayatá,CO15,Boyacá,4.1,IV,malla
CO15380,La Capilla,CO15,Boyacá,4.1,IV,malla
CO15425,Macanal,CO15,Boyacá,4.1,IV,malla
CO15542,Pesca,CO15,Boyacá,4.1,IV,malla
CO15599,Ramiriquí,CO15,Boyacá,4.1,IV,malla
CO15621,Rondón,CO15,Boyacá,4.1,IV,malla
CO15690,Santa María,CO15,Boyacá,4.1,IV,malla
CO15759,Sogamoso,CO15,Boyacá,4.1,IV,centroide
CO15761,Somondoco,CO15,Boyacá,4.1,IV,malla
CO15778,Sutatenza,CO15,Boyacá,4.1,IV,malla
CO15798,Tenza,CO15,Boyacá,4.1,IV,malla
CO15879,Viracachá,CO15,Boyacá,4.1,IV,malla
CO18256,El Paujíl,CO18,Caquetá,4.1,IV,malla
CO20001,Valledupar,CO20,Cesar,4.1,IV,centroide
CO20178,Chiriguaná,CO20,Cesar,4.1,IV,centroide
CO20228,Curumaní,CO20,Cesar,4.1,IV,centroide
CO20517,Pailitas,CO20,Cesar,4.1,IV,centroide
CO20614,Río de Oro,CO20,Cesar,4.1,IV,centroide
CO23090,Canalete,CO23,Córdoba,4.1,IV,centroide
CO23162,Cereté,CO23,Córdoba,4.1,IV,centroide
CO23419,Los Córdobas,CO23,Córdoba,4.1,IV,centroide
CO23574,Puerto Escondido,CO23,Córdoba,4.1,IV,centroide
CO23855,Valencia,CO23,Córdoba,4.1,IV,centroide
CO25436,Manta,CO25,Cundinamarca,4.1,IV,malla
CO50110,Barranca de Upía,CO50,Meta,4.1,IV,centroide
CO50450,Puerto Concordia,CO50,Meta,4.1,IV,centroide
CO52210,Contadero,CO52,Nariño,4.1,IV,centroide
CO52233,Cumbitara,CO52,Nariño,4.1,IV,malla
CO52256,El Rosario,CO52,Nariño,4.1,IV,malla
CO52411,Linares,CO52,Nariño,4.1,IV,centroide
CO52540,Policarpa,CO52,Nariño,4.1,IV,malla
CO52612,Ricaurte,CO52,Nariño,4.1,IV,centroide
CO52678,Samaniego,CO52,Nariño,4.1,IV,centroide
CO52694,San Pedro de Cartago,CO52,Nariño,4.1,IV,centroide
CO54128,Cáchira,CO54,Norte de Santander,4.1,IV,malla
CO68079,Barichara,CO68,Santander,4.1,IV,malla
CO68176,Chima,CO68,Santander,4.1,IV,malla
CO68209,Confines,CO68,Santander,4.1,IV,malla
CO68211,Contratación,CO68,Santander,4.1,IV,malla
CO68322,Guapotá,CO68,Santander,4.1,IV,malla
CO68418,Los Santos,CO68,Santander,4.1,IV,malla
CO68524,Palmas del Socorro,CO68,Santander,4.1,IV,malla
CO68673,San Benito,CO68,Santander,4.1,IV,malla
CO68679,San Gil,CO68,Santander,4.1,IV,malla
CO68820,Tona,CO68,Santander,4.1,IV,centroide
CO68895,Zapatoca,CO68,Santander,4.1,IV,malla
CO70265,Guaranda,CO70,Sucre,4.1,IV,centroide
CO85440,Villanueva,CO85,Casanare,4.1,IV,centroide
CO94001,Inírida,CO94,Guainía,4.1,IV,centroide
CO94343,Barrancominas,CO94,Guainía,4.1,IV,centroide
CO94884,Puerto Colombia,CO94,Guainía,4.1,IV,centroide
CO94886,Cacahual,CO94,Guainía,4.1,IV,centroide
CO13440,Margarita,CO13,Bolívar,4,IV,centroide
CO13468,Mompós,CO13,Bolívar,4,IV,centroide
CO13655,San Jacinto del Cauca,CO13,Bolívar,4,IV,centroide
CO15022,Almeida,CO15,Boyacá,4,IV,malla
CO15135,Campohermoso,CO15,Boyacá,4,IV,malla
CO15172,Chinavita,CO15,Boyacá,4,IV,malla
CO15180,Chiscas,CO15,Boyacá,4,IV,centroide
CO15238,Duitama,CO15,Boyacá,4,IV,malla
CO15455,Miraflores,CO15,Boyacá,4,IV,malla
CO15464,Mongua,CO15,Boyacá,4,IV,centroide
CO15466,Monguí,CO15,Boyacá,4,IV,centroide
CO15491,Nobsa,CO15,Boyacá,4,IV,centroide
CO15511,Pachavita,CO15,Boyacá,4,IV,malla
CO15516,Paipa,CO15,Boyacá,4,IV,malla
CO15820,Tópaga,CO15,Boyacá,4,IV,centroide
CO15897,Zetaquira,CO15,Boyacá,4,IV,malla
CO18150,Cartagena del Chairá,CO18,Caquetá,4,IV,centroide
CO18205,Curillo,CO18,Caquetá,4,IV,centroide
CO20238,El Copey,CO20,Cesar,4,IV,centroide
CO23001,Montería,CO23,Córdoba,4,IV,centroide
CO23500,Moñitos,CO23,Córdoba,4,IV,centroide
CO41530,Palestina,CO41,Huila,4,IV,malla
CO47268,El Retén,CO47,Magdalena,4,IV,centroide
CO47460,Nueva Granada,CO47,Magdalena,4,IV,centroide
CO47570,Puebloviejo,CO47,Magdalena,4,IV,centroide
CO47703,San Zenón,CO47,Magdalena,4,IV,centroide
CO47707,Santa Ana,CO47,Magdalena,4,IV,centroide
CO52001,Pasto,CO52,Nariño,4,IV,centroide
CO52036,Ancuya,CO52,Nariño,4,IV,centroide
CO52051,Arboleda,CO52,Nariño,4,IV,centroide
CO52110,Buesaco,CO52,Nariño,4,IV,centroide
CO52224,Cuaspud Carlosama,CO52,Nariño,4,IV,centroide
CO52317,Guachucal,CO52,Nariño,4,IV,centroide
CO52320,Guaitarilla,CO52,Nariño,4,IV,centroide
CO52352,Iles,CO52,Nariño,4,IV,centroide
CO52385,La Llanada,CO52,Nariño,4,IV,centroide
CO52399,La Unión,CO52,Nariño,4,IV,centroide
CO68121,Cabrera,CO68,Santander,4,IV,malla
CO68229,Curití,CO68,Santander,4,IV,centroide
CO68264,Encino,CO68,Santander,4,IV,malla
CO68498,Ocamonte,CO68,Santander,4,IV,malla
CO68502,Onzaga,CO68,Santander,4,IV,centroide
CO68533,Páramo,CO68,Santander,4,IV,malla
CO68549,Pinchote,CO68,Santander,4,IV,malla
CO68855,Valle de San José,CO68,Santander,4,IV,malla
CO81220,Cravo Norte,CO81,Arauca,4,IV,centroide
CO85162,Monterrey,CO85,Casanare,4,IV,centroide
CO85250,Paz de Ariporo,CO85,Casanare,4,IV,centroide
CO91001,Leticia,CO91,Amazonas,4,IV,centroide
CO91263,El Encanto,CO91,Amazonas,4,IV,centroide
CO91405,La Chorrera,CO91,Amazonas,4,IV,centroide
CO91407,La Pedrera,CO91,Amazonas,4,IV,centroide
CO91430,La Victoria,CO91,Amazonas,4,IV,centroide
CO91460,Mirití - Paraná,CO91,Amazonas,4,IV,centroide
CO91536,Puerto Arica,CO91,Amazonas,4,IV,centroide
CO91540,Puerto Nariño,CO91,Amazonas,4,IV,centroide
CO91669,Puerto Santander,CO91,Amazonas,4,IV,centroide
CO91798,Tarapacá,CO91,Amazonas,4,IV,centroide
CO94885,La Guadalupe,CO94,Guainía,4,IV,centroide
CO94888,Morichal,CO94,Guainía,4,IV,centroide
CO95200,Miraflores,CO95,Guaviare,4,IV,centroide
CO97001,Mitú,CO97,Vaupés,4,IV,centroide
CO97161,Carurú,CO97,Vaupés,4,IV,centroide
CO97511,Pacoa,CO97,Vaupés,4,IV,centroide
CO97666,Taraira,CO97,Vaupés,4,IV,centroide
CO97777,Papunahua,CO97,Vaupés,4,IV,centroide
CO97889,Yavaraté,CO97,Vaupés,4,IV,centroide
CO05051,Arboletes,CO05,Antioquia,3.9,IV,centroide
CO05659,San Juan de Urabá,CO05,Antioquia,3.9,IV,centroide
CO13042,Arenal,CO13,Bolívar,3.9,IV,centroide
CO13074,Barranco de Loba,CO13,Bolívar,3.9,IV,centroide
CO13300,Hatillo de Loba,CO13,Bolívar,3.9,IV,centroide
CO13490,Norosí,CO13,Bolívar,3.9,IV,centroide
CO15090,Berbeo,CO15,Boyacá,3.9,IV,malla
CO15226,Cuítiva,CO15,Boyacá,3.9,IV,centroide
CO15317,Guacamayas,CO15,Boyacá,3.9,IV,centroide
CO15362,Iza,CO15,Boyacá,3.9,IV,centroide
CO15368,Jericó,CO15,Boyacá,3.9,IV,centroide
CO15522,Panqueba,CO15,Boyacá,3.9,IV,centroide
CO15533,Paya,CO15,Boyacá,3.9,IV,centroide
CO15550,Pisba,CO15,Boyacá,3.9,IV,centroide
CO15673,San Mateo,CO15,Boyacá,3.9,IV,centroide
CO15806,Tibasosa,CO15,Boyacá,3.9,IV,centroide
CO15810,Tipacoque,CO15,Boyacá,3.9,IV,centroide
CO18029,Albania,CO18,Caquetá,3.9,IV,centroide
CO18094,Belén de los Andaquíes,CO18,Caquetá,3.9,IV,centroide
CO18479,Morelia,CO18,Caquetá,3.9,IV,centroide
CO18756,Solano,CO18,Caquetá,3.9,IV,centroide
CO18860,Valparaíso,CO18,Caquetá,3.9,IV,centroide
CO19290,Florencia,CO19,Cauca,3.9,IV,centroide
CO23675,San Bernardo del Viento,CO23,Córdoba,3.9,IV,centroide
CO27006,Acandí,CO27,Chocó,3.9,IV,centroide
CO47030,Algarrobo,CO47,Magdalena,3.9,IV,centroide
CO47245,El Banco,CO47,Magdalena,3.9,IV,centroide
CO47551,Pivijay,CO47,Magdalena,3.9,IV,centroide
CO47555,Plato,CO47,Magdalena,3.9,IV,centroide
CO47605,Remolino,CO47,Magdalena,3.9,IV,centroide
CO47660,Sabanas de San Ángel,CO47,Magdalena,3.9,IV,centroide
CO47675,Salamina,CO47,Magdalena,3.9,IV,centroide
CO47692,San Sebastián de Buenavista,CO47,Magdalena,3.9,IV,centroide
CO47980,Zona Bananera,CO47,Magdalena,3.9,IV,centroide
CO52022,Aldana,CO52,Nariño,3.9,IV,centroide
CO52227,Cumbal,CO52,Nariño,3.9,IV,centroide
CO52258,El Tablón de Gómez,CO52,Nariño,3.9,IV,centroide
CO52287,Funes,CO52,Nariño,3.9,IV,centroide
CO52354,Imués,CO52,Nariño,3.9,IV,centroide
CO52565,Providencia,CO52,Nariño,3.9,IV,centroide
CO52585,Pupiales,CO52,Nariño,3.9,IV,centroide
CO52699,Santacruz,CO52,Nariño,3.9,IV,centroide
CO52838,Túquerres,CO52,Nariño,3.9,IV,centroide
CO54743,Silos,CO54,Norte de Santander,3.9,IV,centroide
CO68152,Carcasí,CO68,Santander,3.9,IV,centroide
CO68255,El Playón,CO68,Santander,3.9,IV,malla
CO68266,Enciso,CO68,Santander,3.9,IV,centroide
CO68296,Galán,CO68,Santander,3.9,IV,malla
CO68318,Guaca,CO68,Santander,3.9,IV,centroide
CO68344,Hato,CO68,Santander,3.9,IV,malla
CO68370,Jordán,CO68,Santander,3.9,IV,malla
CO68468,Molagavita,CO68,Santander,3.9,IV,centroide
CO68522,Palmar,CO68,Santander,3.9,IV,malla
CO68684,San José de Miranda,CO68,Santander,3.9,IV,centroide
CO68705,Santa Bárbara,CO68,Santander,3.9,IV,centroide
CO70429,Majagual,CO70,Sucre,3.9,IV,centroide
CO70771,Sucre,CO70,Sucre,3.9,IV,centroide
CO81591,Puerto Rondón,CO81,Arauca,3.9,IV,centroide
CO85010,Aguazul,CO85,Casanare,3.9,IV,centroide
CO85410,Tauramena,CO85,Casanare,3.9,IV,centroide
CO85430,Trinidad,CO85,Casanare,3.9,IV,centroide
CO86569,Puerto Caicedo,CO86,Putumayo,3.9,IV,centroide
CO86571,Puerto Guzmán,CO86,Putumayo,3.9,IV,centroide
CO86757,San Miguel,CO86,Putumayo,3.9,IV,centroide
CO86885,Villagarzón,CO86,Putumayo,3.9,IV,centroide
CO91530,Puerto Alegría,CO91,Amazonas,3.9,IV,centroide
CO13430,Magangué,CO13,Bolívar,3.8,IV,centroide
CO13473,Morales,CO13,Bolívar,3.8,IV,centroide
CO13549,Pinillos,CO13,Bolívar,3.8,IV,centroide
CO13600,Río Viejo,CO13,Bolívar,3.8,IV,centroide
CO13667,San Martín de Loba,CO13,Bolívar,3.8,IV,centroide
CO13780,Talaigua Nuevo,CO13,Bolívar,3.8,IV,centroide
CO13810,Tiquisio,CO13,Bolívar,3.8,IV,centroide
CO15097,Boavita,CO15,Boyacá,3.8,IV,centroide
CO15215,Corrales,CO15,Boyacá,3.8,IV,centroide
CO15218,Covarachía,CO15,Boyacá,3.8,IV,centroide
CO15244,El Cocuy,CO15,Boyacá,3.8,IV,centroide
CO15248,El Espino,CO15,Boyacá,3.8,IV,centroide
CO15276,Floresta,CO15,Boyacá,3.8,IV,centroide
CO15296,Gámeza,CO15,Boyacá,3.8,IV,centroide
CO15377,Labranzagrande,CO15,Boyacá,3.8,IV,centroide
CO15403,La Uvita,CO15,Boyacá,3.8,IV,centroide
CO15514,Páez,CO15,Boyacá,3.8,IV,centroide
CO15518,Pajarito,CO15,Boyacá,3.8,IV,centroide
CO15660,San Eduardo,CO15,Boyacá,3.8,IV,centroide
CO15693,Santa Rosa de Viterbo,CO15,Boyacá,3.8,IV,centroide
CO15720,Sativanorte,CO15,Boyacá,3.8,IV,centroide
CO15723,Sativasur,CO15,Boyacá,3.8,IV,centroide
CO15755,Socotá,CO15,Boyacá,3.8,IV,centroide
CO15774,Susacón,CO15,Boyacá,3.8,IV,centroide
CO15822,Tota,CO15,Boyacá,3.8,IV,centroide
CO18460,Milán,CO18,Caquetá,3.8,IV,centroide
CO18610,San José del Fragua,CO18,Caquetá,3.8,IV,centroide
CO18785,Solita,CO18,Caquetá,3.8,IV,centroide
CO19533,Piamonte,CO19,Cauca,3.8,IV,centroide
CO20443,Manaure Balcón del Cesar,CO20,Cesar,3.8,IV,centroide
CO23417,Lorica,CO23,Córdoba,3.8,IV,centroide
CO44001,Riohacha,CO44,La Guajira,3.8,IV,centroide
CO44035,Albania,CO44,La Guajira,3.8,IV,centroide
CO44078,Barrancas,CO44,La Guajira,3.8,IV,centroide
CO44098,Distracción,CO44,La Guajira,3.8,IV,centroide
CO44110,El Molino,CO44,La Guajira,3.8,IV,centroide
CO44279,Fonseca,CO44,La Guajira,3.8,IV,centroide
CO44378,Hatonuevo,CO44,La Guajira,3.8,IV,centroide
CO44420,La Jagua del Pilar,CO44,La Guajira,3.8,IV,centroide
CO44430,Maicao,CO44,La Guajira,3.8,IV,centroide
CO44560,Manaure,CO44,La Guajira,3.8,IV,centroide
CO44650,San Juan del Cesar,CO44,La Guajira,3.8,IV,centroide
CO44847,Uribia,CO44,La Guajira,3.8,IV,centroide
CO44855,Urumita,CO44,La Guajira,3.8,IV,centroide
CO44874,Villanueva,CO44,La Guajira,3.8,IV,centroide
CO47058,Ariguaní,CO47,Magdalena,3.8,IV,centroide
CO47170,Chivolo,CO47,Magdalena,3.8,IV,centroide
CO47189,Ciénaga,CO47,Magdalena,3.8,IV,centroide
CO47318,Guamal,CO47,Magdalena,3.8,IV,centroide
CO47545,Pijiño del Carmen,CO47,Magdalena,3.8,IV,centroide
CO47720,Santa Bárbara de Pinto,CO47,Magdalena,3.8,IV,centroide
CO47745,Sitionuevo,CO47,Magdalena,3.8,IV,centroide
CO47798,Tenerife,CO47,Magdalena,3.8,IV,centroide
CO47960,Zapayán,CO47,Magdalena,3.8,IV,centroide
CO52240,Chachagüí,CO52,Nariño,3.8,IV,centroide
CO52254,El Peñol,CO52,Nariño,3.8,IV,centroide
CO52323,Gualmatán,CO52,Nariño,3.8,IV,centroide
CO52356,Ipiales,CO52,Nariño,3.8,IV,centroide
CO52435,Mallama,CO52,Nariño,3.8,IV,centroide
CO52683,Sandoná,CO52,Nariño,3.8,IV,centroide
CO52685,San Bernardo,CO52,Nariño,3.8,IV,centroide
CO52687,San Lorenzo,CO52,Nariño,3.8,IV,centroide
CO52720,Sapuyes,CO52,Nariño,3.8,IV,centroide
CO52788,Tangua,CO52,Nariño,3.8,IV,centroide
CO54001,San José de Cúcuta,CO54,Norte de Santander,3.8,IV,centroide
CO54003,Ábrego,CO54,Norte de Santander,3.8,IV,malla
CO54109,Bucarasica,CO54,Norte de Santander,3.8,IV,centroide
CO54250,El Tarra,CO54,Norte de Santander,3.8,IV,centroide
CO54261,El Zulia,CO54,Norte de Santander,3.8,IV,centroide
CO54313,Gramalote,CO54,Norte de Santander,3.8,IV,centroide
CO54344,Hacarí,CO54,Norte de Santander,3.8,IV,centroide
CO54418,Lourdes,CO54,Norte de Santander,3.8,IV,centroide
CO54553,Puerto Santander,CO54,Norte de Santander,3.8,IV,centroide
CO54680,Santiago,CO54,Norte de Santander,3.8,IV,centroide
CO54720,Sardinata,CO54,Norte de Santander,3.8,IV,centroide
CO54810,Tibú,CO54,Norte de Santander,3.8,IV,centroide
CO54871,Villa Caro,CO54,Norte de Santander,3.8,IV,centroide
CO68147,Capitanejo,CO68,Santander,3.8,IV,centroide
CO68162,Cerrito,CO68,Santander,3.8,IV,centroide
CO68217,Coromoro,CO68,Santander,3.8,IV,malla
CO68425,Macaravita,CO68,Santander,3.8,IV,centroide
CO68464,Mogotes,CO68,Santander,3.8,IV,centroide
CO68547,Piedecuesta,CO68,Santander,3.8,IV,centroide
CO68682,San Joaquín,CO68,Santander,3.8,IV,centroide
CO85001,Yopal,CO85,Casanare,3.8,IV,centroide
CO85015,Chámeza,CO85,Casanare,3.8,IV,centroide
CO85136,La Salina,CO85,Casanare,3.8,IV,centroide
CO85139,Maní,CO85,Casanare,3.8,IV,centroide
CO85225,Nunchía,CO85,Casanare,3.8,IV,centroide
CO85230,Orocué,CO85,Casanare,3.8,IV,centroide
CO86001,Mocoa,CO86,Putumayo,3.8,IV,centroide
CO86219,Colón,CO86,Putumayo,3.8,IV,centroide
CO86568,Puerto Asís,CO86,Putumayo,3.8,IV,centroide
CO86755,San Francisco,CO86,Putumayo,3.8,IV,centroide
CO86865,Valle del Guamuez,CO86,Putumayo,3.8,IV,centroide
CO94887,Pana Pana,CO94,Guainía,3.8,IV,centroide
CO99001,Puerto Carreño,CO99,Vichada,3.8,IV,centroide
CO99524,La Primavera,CO99,Vichada,3.8,IV,centroide
CO99624,Santa Rosalía,CO99,Vichada,3.8,IV,centroide
CO13030,Altos del Rosario,CO13,Bolívar,3.7,IV,centroide
CO13650,San Fernando,CO13,Bolívar,3.7,IV,centroide
CO15047,Aquitania,CO15,Boyacá,3.7,IV,centroide
CO15114,Busbanzá,CO15,Boyacá,3.7,IV,centroide
CO15183,Chita,CO15,Boyacá,3.7,IV,centroide
CO15223,Cubará,CO15,Boyacá,3.7,IV,centroide
CO15332,Güicán de la Sierra,CO15,Boyacá,3.7,IV,centroide
CO15753,Soatá,CO15,Boyacá,3.7,IV,centroide
CO15790,Tasco,CO15,Boyacá,3.7,IV,centroide
CO15839,Tutazá,CO15,Boyacá,3.7,IV,centroide
CO20750,San Diego,CO20,Cesar,3.7,IV,centroide
CO52019,Albán,CO52,Nariño,3.7,IV,centroide
CO52083,Belén,CO52,Nariño,3.7,IV,centroide
CO52203,Colón,CO52,Nariño,3.7,IV,centroide
CO52207,Consacá,CO52,Nariño,3.7,IV,centroide
CO52215,Córdoba,CO52,Nariño,3.7,IV,centroide
CO52260,El Tambo,CO52,Nariño,3.7,IV,centroide
CO52378,La Cruz,CO52,Nariño,3.7,IV,centroide
CO52381,La Florida,CO52,Nariño,3.7,IV,centroide
CO52480,Nariño,CO52,Nariño,3.7,IV,centroide
CO52506,Ospina,CO52,Nariño,3.7,IV,centroide
CO52560,Potosí,CO52,Nariño,3.7,IV,centroide
CO52573,Puerres,CO52,Nariño,3.7,IV,centroide
CO52693,San Pablo,CO52,Nariño,3.7,IV,centroide
CO52786,Taminango,CO52,Nariño,3.7,IV,centroide
CO52885,Yacuanquer,CO52,Nariño,3.7,IV,centroide
CO54125,Cácota,CO54,Norte de Santander,3.7,IV,centroide
CO54377,Labateca,CO54,Norte de Santander,3.7,IV,centroide
CO54498,Ocaña,CO54,Norte de Santander,3.7,IV,centroide
CO54670,San Calixto,CO54,Norte de Santander,3.7,IV,centroide
CO54800,Teorama,CO54,Norte de Santander,3.7,IV,centroide
CO54820,Toledo,CO54,Norte de Santander,3.7,IV,centroide
CO68160,Cepitá,CO68,Santander,3.7,IV,centroide
CO68169,Charta,CO68,Santander,3.7,IV,centroide
CO68207,Concepción,CO68,Santander,3.7,IV,centroide
CO68444,Matanza,CO68,Santander,3.7,IV,centroide
CO68669,San Andrés,CO68,Santander,3.7,IV,centroide
CO68686,San Miguel,CO68,Santander,3.7,IV,centroide
CO81001,Arauca,CO81,Arauca,3.7,IV,centroide
CO81065,Arauquita,CO81,Arauca,3.7,IV,centroide
CO81300,Fortul,CO81,Arauca,3.7,IV,centroide
CO81736,Saravena,CO81,Arauca,3.7,IV,centroide
CO81794,Tame,CO81,Arauca,3.7,IV,centroide
CO85125,Hato Corozal,CO85,Casanare,3.7,IV,centroide
CO85279,Recetor,CO85,Casanare,3.7,IV,centroide
CO85315,Sácama,CO85,Casanare,3.7,IV,centroide
CO85325,San Luis de Palenque,CO85,Casanare,3.7,IV,centroide
CO86320,Orito,CO86,Putumayo,3.7,IV,centroide
CO86749,Sibundoy,CO86,Putumayo,3.7,IV,centroide
CO86760,Santiago,CO86,Putumayo,3.7,IV,centroide
CO13006,Achí,CO13,Bolívar,3.6,IV,centroide
CO15087,Belén,CO15,Boyacá,3.6,IV,centroide
CO15092,Betéitiva,CO15,Boyacá,3.6,IV,centroide
CO15162,Cerinza,CO15,Boyacá,3.6,IV,centroide
CO15537,Paz de Río,CO15,Boyacá,3.6,IV,centroide
CO15757,Socha,CO15,Boyacá,3.6,IV,centroide
CO20310,González,CO20,Cesar,3.6,IV,centroide
CO54172,Chinácota,CO54,Norte de Santander,3.6,IV,centroide
CO54206,Convención,CO54,Norte de Santander,3.6,IV,centroide
CO54398,La Playa,CO54,Norte de Santander,3.6,IV,centroide
CO54480,Mutiscua,CO54,Norte de Santander,3.6,IV,centroide
CO54518,Pamplona,CO54,Norte de Santander,3.6,IV,centroide
CO54673,San Cayetano,CO54,Norte de Santander,3.6,IV,centroide
CO68051,Aratoca,CO68,Santander,3.6,IV,centroide
CO68132,California,CO68,Santander,3.6,IV,centroide
CO68432,Málaga,CO68,Santander,3.6,IV,centroide
CO68780,Suratá,CO68,Santander,3.6,IV,centroide
CO68867,Vetas,CO68,Santander,3.6,IV,centroide
CO85400,Támara,CO85,Casanare,3.6,IV,centroide
CO88001,San Andrés,CO88,"Archipiélago de San Andrés, Providencia y Santa Catalina",3.6,IV,centroide
CO88564,Providencia,CO88,"Archipiélago de San Andrés, Providencia y Santa Catalina",3.6,IV,centroide
CO94883,San Felipe,CO94,Guainía,3.6,IV,centroide
CO95025,El Retorno,CO95,Guaviare,3.6,IV,centroide
CO54051,Arboledas,CO54,Norte de Santander,3.5,IV,centroide
CO54223,Cucutilla,CO54,Norte de Santander,3.5,IV,centroide
CO54347,Herrán,CO54,Norte de Santander,3.5,IV,centroide
CO54520,Pamplonita,CO54,Norte de Santander,3.5,IV,centroide
CO54599,Ragonvalia,CO54,Norte de Santander,3.5,IV,centroide
CO54660,Salazar,CO54,Norte de Santander,3.5,IV,centroide
CO20013,Agustín Codazzi,CO20,Cesar,3.4,III,centroide
CO20045,Becerril,CO20,Cesar,3.4,III,centroide
CO20400,La Jagua de Ibirico,CO20,Cesar,3.4,III,centroide
CO20621,La Paz,CO20,Cesar,3.4,III,centroide
CO44090,Dibulla,CO44,La Guajira,3.4,III,centroide
CO54099,Bochalema,CO54,Norte de Santander,3.4,III,centroide
CO54239,Durania,CO54,Norte de Santander,3.4,III,centroide
CO54245,El Carmen,CO54,Norte de Santander,3.4,III,centroide
CO54405,Los Patios,CO54,Norte de Santander,3.4,III,centroide
CO54874,Villa del Rosario,CO54,Norte de Santander,3.4,III,centroide
